DateKey,Date,Day,WeekNr,Month,Monthshort,MonthNo,Quater,Year
20200101,2020-01-01,4,1,January,Jan,1,1,2020
20200102,2020-01-02,5,1,January,Jan,1,1,2020
20200103,2020-01-03,6,1,January,Jan,1,1,2020
20200104,2020-01-04,7,1,January,Jan,1,1,2020
20200105,2020-01-05,1,2,January,Jan,1,1,2020
20200106,2020-01-06,2,2,January,Jan,1,1,2020
20200107,2020-01-07,3,2,January,Jan,1,1,2020
20200108,2020-01-08,4,2,January,Jan,1,1,2020
20200109,2020-01-09,5,2,January,Jan,1,1,2020
20200110,2020-01-10,6,2,January,Jan,1,1,2020
20200111,2020-01-11,7,2,January,Jan,1,1,2020
20200112,2020-01-12,1,3,January,Jan,1,1,2020
20200113,2020-01-13,2,3,January,Jan,1,1,2020
20200114,2020-01-14,3,3,January,Jan,1,1,2020
20200115,2020-01-15,4,3,January,Jan,1,1,2020
20200116,2020-01-16,5,3,January,Jan,1,1,2020
20200117,2020-01-17,6,3,January,Jan,1,1,2020
20200118,2020-01-18,7,3,January,Jan,1,1,2020
20200119,2020-01-19,1,4,January,Jan,1,1,2020
20200120,2020-01-20,2,4,January,Jan,1,1,2020
20200121,2020-01-21,3,4,January,Jan,1,1,2020
20200122,2020-01-22,4,4,January,Jan,1,1,2020
20200123,2020-01-23,5,4,January,Jan,1,1,2020
20200124,2020-01-24,6,4,January,Jan,1,1,2020
20200125,2020-01-25,7,4,January,Jan,1,1,2020
20200126,2020-01-26,1,5,January,Jan,1,1,2020
20200127,2020-01-27,2,5,January,Jan,1,1,2020
20200128,2020-01-28,3,5,January,Jan,1,1,2020
20200129,2020-01-29,4,5,January,Jan,1,1,2020
20200130,2020-01-30,5,5,January,Jan,1,1,2020
20200131,2020-01-31,6,5,January,Jan,1,1,2020
20200201,2020-02-01,7,5,February,Feb,2,1,2020
20200202,2020-02-02,1,6,February,Feb,2,1,2020
20200203,2020-02-03,2,6,February,Feb,2,1,2020
20200204,2020-02-04,3,6,February,Feb,2,1,2020
20200205,2020-02-05,4,6,February,Feb,2,1,2020
20200206,2020-02-06,5,6,February,Feb,2,1,2020
20200207,2020-02-07,6,6,February,Feb,2,1,2020
20200208,2020-02-08,7,6,February,Feb,2,1,2020
20200209,2020-02-09,1,7,February,Feb,2,1,2020
20200210,2020-02-10,2,7,February,Feb,2,1,2020
20200211,2020-02-11,3,7,February,Feb,2,1,2020
20200212,2020-02-12,4,7,February,Feb,2,1,2020
20200213,2020-02-13,5,7,February,Feb,2,1,2020
20200214,2020-02-14,6,7,February,Feb,2,1,2020
20200215,2020-02-15,7,7,February,Feb,2,1,2020
20200216,2020-02-16,1,8,February,Feb,2,1,2020
20200217,2020-02-17,2,8,February,Feb,2,1,2020
20200218,2020-02-18,3,8,February,Feb,2,1,2020
20200219,2020-02-19,4,8,February,Feb,2,1,2020
20200220,2020-02-20,5,8,February,Feb,2,1,2020
20200221,2020-02-21,6,8,February,Feb,2,1,2020
20200222,2020-02-22,7,8,February,Feb,2,1,2020
20200223,2020-02-23,1,9,February,Feb,2,1,2020
20200224,2020-02-24,2,9,February,Feb,2,1,2020
20200225,2020-02-25,3,9,February,Feb,2,1,2020
20200226,2020-02-26,4,9,February,Feb,2,1,2020
20200227,2020-02-27,5,9,February,Feb,2,1,2020
20200228,2020-02-28,6,9,February,Feb,2,1,2020
20200229,2020-02-29,7,9,February,Feb,2,1,2020
20200301,2020-03-01,1,10,March,Mar,3,1,2020
20200302,2020-03-02,2,10,March,Mar,3,1,2020
20200303,2020-03-03,3,10,March,Mar,3,1,2020
20200304,2020-03-04,4,10,March,Mar,3,1,2020
20200305,2020-03-05,5,10,March,Mar,3,1,2020
20200306,2020-03-06,6,10,March,Mar,3,1,2020
20200307,2020-03-07,7,10,March,Mar,3,1,2020
20200308,2020-03-08,1,11,March,Mar,3,1,2020
20200309,2020-03-09,2,11,March,Mar,3,1,2020
20200310,2020-03-10,3,11,March,Mar,3,1,2020
20200311,2020-03-11,4,11,March,Mar,3,1,2020
20200312,2020-03-12,5,11,March,Mar,3,1,2020
20200313,2020-03-13,6,11,March,Mar,3,1,2020
20200314,2020-03-14,7,11,March,Mar,3,1,2020
20200315,2020-03-15,1,12,March,Mar,3,1,2020
20200316,2020-03-16,2,12,March,Mar,3,1,2020
20200317,2020-03-17,3,12,March,Mar,3,1,2020
20200318,2020-03-18,4,12,March,Mar,3,1,2020
20200319,2020-03-19,5,12,March,Mar,3,1,2020
20200320,2020-03-20,6,12,March,Mar,3,1,2020
20200321,2020-03-21,7,12,March,Mar,3,1,2020
20200322,2020-03-22,1,13,March,Mar,3,1,2020
20200323,2020-03-23,2,13,March,Mar,3,1,2020
20200324,2020-03-24,3,13,March,Mar,3,1,2020
20200325,2020-03-25,4,13,March,Mar,3,1,2020
20200326,2020-03-26,5,13,March,Mar,3,1,2020
20200327,2020-03-27,6,13,March,Mar,3,1,2020
20200328,2020-03-28,7,13,March,Mar,3,1,2020
20200329,2020-03-29,1,14,March,Mar,3,1,2020
20200330,2020-03-30,2,14,March,Mar,3,1,2020
20200331,2020-03-31,3,14,March,Mar,3,1,2020
20200401,2020-04-01,4,14,April,Apr,4,2,2020
20200402,2020-04-02,5,14,April,Apr,4,2,2020
20200403,2020-04-03,6,14,April,Apr,4,2,2020
20200404,2020-04-04,7,14,April,Apr,4,2,2020
20200405,2020-04-05,1,15,April,Apr,4,2,2020
20200406,2020-04-06,2,15,April,Apr,4,2,2020
20200407,2020-04-07,3,15,April,Apr,4,2,2020
20200408,2020-04-08,4,15,April,Apr,4,2,2020
20200409,2020-04-09,5,15,April,Apr,4,2,2020
20200410,2020-04-10,6,15,April,Apr,4,2,2020
20200411,2020-04-11,7,15,April,Apr,4,2,2020
20200412,2020-04-12,1,16,April,Apr,4,2,2020
20200413,2020-04-13,2,16,April,Apr,4,2,2020
20200414,2020-04-14,3,16,April,Apr,4,2,2020
20200415,2020-04-15,4,16,April,Apr,4,2,2020
20200416,2020-04-16,5,16,April,Apr,4,2,2020
20200417,2020-04-17,6,16,April,Apr,4,2,2020
20200418,2020-04-18,7,16,April,Apr,4,2,2020
20200419,2020-04-19,1,17,April,Apr,4,2,2020
20200420,2020-04-20,2,17,April,Apr,4,2,2020
20200421,2020-04-21,3,17,April,Apr,4,2,2020
20200422,2020-04-22,4,17,April,Apr,4,2,2020
20200423,2020-04-23,5,17,April,Apr,4,2,2020
20200424,2020-04-24,6,17,April,Apr,4,2,2020
20200425,2020-04-25,7,17,April,Apr,4,2,2020
20200426,2020-04-26,1,18,April,Apr,4,2,2020
20200427,2020-04-27,2,18,April,Apr,4,2,2020
20200428,2020-04-28,3,18,April,Apr,4,2,2020
20200429,2020-04-29,4,18,April,Apr,4,2,2020
20200430,2020-04-30,5,18,April,Apr,4,2,2020
20200501,2020-05-01,6,18,May,May,5,2,2020
20200502,2020-05-02,7,18,May,May,5,2,2020
20200503,2020-05-03,1,19,May,May,5,2,2020
20200504,2020-05-04,2,19,May,May,5,2,2020
20200505,2020-05-05,3,19,May,May,5,2,2020
20200506,2020-05-06,4,19,May,May,5,2,2020
20200507,2020-05-07,5,19,May,May,5,2,2020
20200508,2020-05-08,6,19,May,May,5,2,2020
20200509,2020-05-09,7,19,May,May,5,2,2020
20200510,2020-05-10,1,20,May,May,5,2,2020
20200511,2020-05-11,2,20,May,May,5,2,2020
20200512,2020-05-12,3,20,May,May,5,2,2020
20200513,2020-05-13,4,20,May,May,5,2,2020
20200514,2020-05-14,5,20,May,May,5,2,2020
20200515,2020-05-15,6,20,May,May,5,2,2020
20200516,2020-05-16,7,20,May,May,5,2,2020
20200517,2020-05-17,1,21,May,May,5,2,2020
20200518,2020-05-18,2,21,May,May,5,2,2020
20200519,2020-05-19,3,21,May,May,5,2,2020
20200520,2020-05-20,4,21,May,May,5,2,2020
20200521,2020-05-21,5,21,May,May,5,2,2020
20200522,2020-05-22,6,21,May,May,5,2,2020
20200523,2020-05-23,7,21,May,May,5,2,2020
20200524,2020-05-24,1,22,May,May,5,2,2020
20200525,2020-05-25,2,22,May,May,5,2,2020
20200526,2020-05-26,3,22,May,May,5,2,2020
20200527,2020-05-27,4,22,May,May,5,2,2020
20200528,2020-05-28,5,22,May,May,5,2,2020
20200529,2020-05-29,6,22,May,May,5,2,2020
20200530,2020-05-30,7,22,May,May,5,2,2020
20200531,2020-05-31,1,23,May,May,5,2,2020
20200601,2020-06-01,2,23,June,Jun,6,2,2020
20200602,2020-06-02,3,23,June,Jun,6,2,2020
20200603,2020-06-03,4,23,June,Jun,6,2,2020
20200604,2020-06-04,5,23,June,Jun,6,2,2020
20200605,2020-06-05,6,23,June,Jun,6,2,2020
20200606,2020-06-06,7,23,June,Jun,6,2,2020
20200607,2020-06-07,1,24,June,Jun,6,2,2020
20200608,2020-06-08,2,24,June,Jun,6,2,2020
20200609,2020-06-09,3,24,June,Jun,6,2,2020
20200610,2020-06-10,4,24,June,Jun,6,2,2020
20200611,2020-06-11,5,24,June,Jun,6,2,2020
20200612,2020-06-12,6,24,June,Jun,6,2,2020
20200613,2020-06-13,7,24,June,Jun,6,2,2020
20200614,2020-06-14,1,25,June,Jun,6,2,2020
20200615,2020-06-15,2,25,June,Jun,6,2,2020
20200616,2020-06-16,3,25,June,Jun,6,2,2020
20200617,2020-06-17,4,25,June,Jun,6,2,2020
20200618,2020-06-18,5,25,June,Jun,6,2,2020
20200619,2020-06-19,6,25,June,Jun,6,2,2020
20200620,2020-06-20,7,25,June,Jun,6,2,2020
20200621,2020-06-21,1,26,June,Jun,6,2,2020
20200622,2020-06-22,2,26,June,Jun,6,2,2020
20200623,2020-06-23,3,26,June,Jun,6,2,2020
20200624,2020-06-24,4,26,June,Jun,6,2,2020
20200625,2020-06-25,5,26,June,Jun,6,2,2020
20200626,2020-06-26,6,26,June,Jun,6,2,2020
20200627,2020-06-27,7,26,June,Jun,6,2,2020
20200628,2020-06-28,1,27,June,Jun,6,2,2020
20200629,2020-06-29,2,27,June,Jun,6,2,2020
20200630,2020-06-30,3,27,June,Jun,6,2,2020
20200701,2020-07-01,4,27,July,Jul,7,3,2020
20200702,2020-07-02,5,27,July,Jul,7,3,2020
20200703,2020-07-03,6,27,July,Jul,7,3,2020
20200704,2020-07-04,7,27,July,Jul,7,3,2020
20200705,2020-07-05,1,28,July,Jul,7,3,2020
20200706,2020-07-06,2,28,July,Jul,7,3,2020
20200707,2020-07-07,3,28,July,Jul,7,3,2020
20200708,2020-07-08,4,28,July,Jul,7,3,2020
20200709,2020-07-09,5,28,July,Jul,7,3,2020
20200710,2020-07-10,6,28,July,Jul,7,3,2020
20200711,2020-07-11,7,28,July,Jul,7,3,2020
20200712,2020-07-12,1,29,July,Jul,7,3,2020
20200713,2020-07-13,2,29,July,Jul,7,3,2020
20200714,2020-07-14,3,29,July,Jul,7,3,2020
20200715,2020-07-15,4,29,July,Jul,7,3,2020
20200716,2020-07-16,5,29,July,Jul,7,3,2020
20200717,2020-07-17,6,29,July,Jul,7,3,2020
20200718,2020-07-18,7,29,July,Jul,7,3,2020
20200719,2020-07-19,1,30,July,Jul,7,3,2020
20200720,2020-07-20,2,30,July,Jul,7,3,2020
20200721,2020-07-21,3,30,July,Jul,7,3,2020
20200722,2020-07-22,4,30,July,Jul,7,3,2020
20200723,2020-07-23,5,30,July,Jul,7,3,2020
20200724,2020-07-24,6,30,July,Jul,7,3,2020
20200725,2020-07-25,7,30,July,Jul,7,3,2020
20200726,2020-07-26,1,31,July,Jul,7,3,2020
20200727,2020-07-27,2,31,July,Jul,7,3,2020
20200728,2020-07-28,3,31,July,Jul,7,3,2020
20200729,2020-07-29,4,31,July,Jul,7,3,2020
20200730,2020-07-30,5,31,July,Jul,7,3,2020
20200731,2020-07-31,6,31,July,Jul,7,3,2020
20200801,2020-08-01,7,31,August,Aug,8,3,2020
20200802,2020-08-02,1,32,August,Aug,8,3,2020
20200803,2020-08-03,2,32,August,Aug,8,3,2020
20200804,2020-08-04,3,32,August,Aug,8,3,2020
20200805,2020-08-05,4,32,August,Aug,8,3,2020
20200806,2020-08-06,5,32,August,Aug,8,3,2020
20200807,2020-08-07,6,32,August,Aug,8,3,2020
20200808,2020-08-08,7,32,August,Aug,8,3,2020
20200809,2020-08-09,1,33,August,Aug,8,3,2020
20200810,2020-08-10,2,33,August,Aug,8,3,2020
20200811,2020-08-11,3,33,August,Aug,8,3,2020
20200812,2020-08-12,4,33,August,Aug,8,3,2020
20200813,2020-08-13,5,33,August,Aug,8,3,2020
20200814,2020-08-14,6,33,August,Aug,8,3,2020
20200815,2020-08-15,7,33,August,Aug,8,3,2020
20200816,2020-08-16,1,34,August,Aug,8,3,2020
20200817,2020-08-17,2,34,August,Aug,8,3,2020
20200818,2020-08-18,3,34,August,Aug,8,3,2020
20200819,2020-08-19,4,34,August,Aug,8,3,2020
20200820,2020-08-20,5,34,August,Aug,8,3,2020
20200821,2020-08-21,6,34,August,Aug,8,3,2020
20200822,2020-08-22,7,34,August,Aug,8,3,2020
20200823,2020-08-23,1,35,August,Aug,8,3,2020
20200824,2020-08-24,2,35,August,Aug,8,3,2020
20200825,2020-08-25,3,35,August,Aug,8,3,2020
20200826,2020-08-26,4,35,August,Aug,8,3,2020
20200827,2020-08-27,5,35,August,Aug,8,3,2020
20200828,2020-08-28,6,35,August,Aug,8,3,2020
20200829,2020-08-29,7,35,August,Aug,8,3,2020
20200830,2020-08-30,1,36,August,Aug,8,3,2020
20200831,2020-08-31,2,36,August,Aug,8,3,2020
20200901,2020-09-01,3,36,September,Sep,9,3,2020
20200902,2020-09-02,4,36,September,Sep,9,3,2020
20200903,2020-09-03,5,36,September,Sep,9,3,2020
20200904,2020-09-04,6,36,September,Sep,9,3,2020
20200905,2020-09-05,7,36,September,Sep,9,3,2020
20200906,2020-09-06,1,37,September,Sep,9,3,2020
20200907,2020-09-07,2,37,September,Sep,9,3,2020
20200908,2020-09-08,3,37,September,Sep,9,3,2020
20200909,2020-09-09,4,37,September,Sep,9,3,2020
20200910,2020-09-10,5,37,September,Sep,9,3,2020
20200911,2020-09-11,6,37,September,Sep,9,3,2020
20200912,2020-09-12,7,37,September,Sep,9,3,2020
20200913,2020-09-13,1,38,September,Sep,9,3,2020
20200914,2020-09-14,2,38,September,Sep,9,3,2020
20200915,2020-09-15,3,38,September,Sep,9,3,2020
20200916,2020-09-16,4,38,September,Sep,9,3,2020
20200917,2020-09-17,5,38,September,Sep,9,3,2020
20200918,2020-09-18,6,38,September,Sep,9,3,2020
20200919,2020-09-19,7,38,September,Sep,9,3,2020
20200920,2020-09-20,1,39,September,Sep,9,3,2020
20200921,2020-09-21,2,39,September,Sep,9,3,2020
20200922,2020-09-22,3,39,September,Sep,9,3,2020
20200923,2020-09-23,4,39,September,Sep,9,3,2020
20200924,2020-09-24,5,39,September,Sep,9,3,2020
20200925,2020-09-25,6,39,September,Sep,9,3,2020
20200926,2020-09-26,7,39,September,Sep,9,3,2020
20200927,2020-09-27,1,40,September,Sep,9,3,2020
20200928,2020-09-28,2,40,September,Sep,9,3,2020
20200929,2020-09-29,3,40,September,Sep,9,3,2020
20200930,2020-09-30,4,40,September,Sep,9,3,2020
20201001,2020-10-01,5,40,October,Oct,10,4,2020
20201002,2020-10-02,6,40,October,Oct,10,4,2020
20201003,2020-10-03,7,40,October,Oct,10,4,2020
20201004,2020-10-04,1,41,October,Oct,10,4,2020
20201005,2020-10-05,2,41,October,Oct,10,4,2020
20201006,2020-10-06,3,41,October,Oct,10,4,2020
20201007,2020-10-07,4,41,October,Oct,10,4,2020
20201008,2020-10-08,5,41,October,Oct,10,4,2020
20201009,2020-10-09,6,41,October,Oct,10,4,2020
20201010,2020-10-10,7,41,October,Oct,10,4,2020
20201011,2020-10-11,1,42,October,Oct,10,4,2020
20201012,2020-10-12,2,42,October,Oct,10,4,2020
20201013,2020-10-13,3,42,October,Oct,10,4,2020
20201014,2020-10-14,4,42,October,Oct,10,4,2020
20201015,2020-10-15,5,42,October,Oct,10,4,2020
20201016,2020-10-16,6,42,October,Oct,10,4,2020
20201017,2020-10-17,7,42,October,Oct,10,4,2020
20201018,2020-10-18,1,43,October,Oct,10,4,2020
20201019,2020-10-19,2,43,October,Oct,10,4,2020
20201020,2020-10-20,3,43,October,Oct,10,4,2020
20201021,2020-10-21,4,43,October,Oct,10,4,2020
20201022,2020-10-22,5,43,October,Oct,10,4,2020
20201023,2020-10-23,6,43,October,Oct,10,4,2020
20201024,2020-10-24,7,43,October,Oct,10,4,2020
20201025,2020-10-25,1,44,October,Oct,10,4,2020
20201026,2020-10-26,2,44,October,Oct,10,4,2020
20201027,2020-10-27,3,44,October,Oct,10,4,2020
20201028,2020-10-28,4,44,October,Oct,10,4,2020
20201029,2020-10-29,5,44,October,Oct,10,4,2020
20201030,2020-10-30,6,44,October,Oct,10,4,2020
20201031,2020-10-31,7,44,October,Oct,10,4,2020
20201101,2020-11-01,1,45,November,Nov,11,4,2020
20201102,2020-11-02,2,45,November,Nov,11,4,2020
20201103,2020-11-03,3,45,November,Nov,11,4,2020
20201104,2020-11-04,4,45,November,Nov,11,4,2020
20201105,2020-11-05,5,45,November,Nov,11,4,2020
20201106,2020-11-06,6,45,November,Nov,11,4,2020
20201107,2020-11-07,7,45,November,Nov,11,4,2020
20201108,2020-11-08,1,46,November,Nov,11,4,2020
20201109,2020-11-09,2,46,November,Nov,11,4,2020
20201110,2020-11-10,3,46,November,Nov,11,4,2020
20201111,2020-11-11,4,46,November,Nov,11,4,2020
20201112,2020-11-12,5,46,November,Nov,11,4,2020
20201113,2020-11-13,6,46,November,Nov,11,4,2020
20201114,2020-11-14,7,46,November,Nov,11,4,2020
20201115,2020-11-15,1,47,November,Nov,11,4,2020
20201116,2020-11-16,2,47,November,Nov,11,4,2020
20201117,2020-11-17,3,47,November,Nov,11,4,2020
20201118,2020-11-18,4,47,November,Nov,11,4,2020
20201119,2020-11-19,5,47,November,Nov,11,4,2020
20201120,2020-11-20,6,47,November,Nov,11,4,2020
20201121,2020-11-21,7,47,November,Nov,11,4,2020
20201122,2020-11-22,1,48,November,Nov,11,4,2020
20201123,2020-11-23,2,48,November,Nov,11,4,2020
20201124,2020-11-24,3,48,November,Nov,11,4,2020
20201125,2020-11-25,4,48,November,Nov,11,4,2020
20201126,2020-11-26,5,48,November,Nov,11,4,2020
20201127,2020-11-27,6,48,November,Nov,11,4,2020
20201128,2020-11-28,7,48,November,Nov,11,4,2020
20201129,2020-11-29,1,49,November,Nov,11,4,2020
20201130,2020-11-30,2,49,November,Nov,11,4,2020
20201201,2020-12-01,3,49,December,Dec,12,4,2020
20201202,2020-12-02,4,49,December,Dec,12,4,2020
20201203,2020-12-03,5,49,December,Dec,12,4,2020
20201204,2020-12-04,6,49,December,Dec,12,4,2020
20201205,2020-12-05,7,49,December,Dec,12,4,2020
20201206,2020-12-06,1,50,December,Dec,12,4,2020
20201207,2020-12-07,2,50,December,Dec,12,4,2020
20201208,2020-12-08,3,50,December,Dec,12,4,2020
20201209,2020-12-09,4,50,December,Dec,12,4,2020
20201210,2020-12-10,5,50,December,Dec,12,4,2020
20201211,2020-12-11,6,50,December,Dec,12,4,2020
20201212,2020-12-12,7,50,December,Dec,12,4,2020
20201213,2020-12-13,1,51,December,Dec,12,4,2020
20201214,2020-12-14,2,51,December,Dec,12,4,2020
20201215,2020-12-15,3,51,December,Dec,12,4,2020
20201216,2020-12-16,4,51,December,Dec,12,4,2020
20201217,2020-12-17,5,51,December,Dec,12,4,2020
20201218,2020-12-18,6,51,December,Dec,12,4,2020
20201219,2020-12-19,7,51,December,Dec,12,4,2020
20201220,2020-12-20,1,52,December,Dec,12,4,2020
20201221,2020-12-21,2,52,December,Dec,12,4,2020
20201222,2020-12-22,3,52,December,Dec,12,4,2020
20201223,2020-12-23,4,52,December,Dec,12,4,2020
20201224,2020-12-24,5,52,December,Dec,12,4,2020
20201225,2020-12-25,6,52,December,Dec,12,4,2020
20201226,2020-12-26,7,52,December,Dec,12,4,2020
20201227,2020-12-27,1,53,December,Dec,12,4,2020
20201228,2020-12-28,2,53,December,Dec,12,4,2020
20201229,2020-12-29,3,53,December,Dec,12,4,2020
20201230,2020-12-30,4,53,December,Dec,12,4,2020
20201231,2020-12-31,5,53,December,Dec,12,4,2020
20210101,2021-01-01,6,1,January,Jan,1,1,2021
20210102,2021-01-02,7,1,January,Jan,1,1,2021
20210103,2021-01-03,1,2,January,Jan,1,1,2021
20210104,2021-01-04,2,2,January,Jan,1,1,2021
20210105,2021-01-05,3,2,January,Jan,1,1,2021
20210106,2021-01-06,4,2,January,Jan,1,1,2021
20210107,2021-01-07,5,2,January,Jan,1,1,2021
20210108,2021-01-08,6,2,January,Jan,1,1,2021
20210109,2021-01-09,7,2,January,Jan,1,1,2021
20210110,2021-01-10,1,3,January,Jan,1,1,2021
20210111,2021-01-11,2,3,January,Jan,1,1,2021
20210112,2021-01-12,3,3,January,Jan,1,1,2021
20210113,2021-01-13,4,3,January,Jan,1,1,2021
20210114,2021-01-14,5,3,January,Jan,1,1,2021
20210115,2021-01-15,6,3,January,Jan,1,1,2021
20210116,2021-01-16,7,3,January,Jan,1,1,2021
20210117,2021-01-17,1,4,January,Jan,1,1,2021
20210118,2021-01-18,2,4,January,Jan,1,1,2021
20210119,2021-01-19,3,4,January,Jan,1,1,2021
20210120,2021-01-20,4,4,January,Jan,1,1,2021
20210121,2021-01-21,5,4,January,Jan,1,1,2021
20210122,2021-01-22,6,4,January,Jan,1,1,2021
20210123,2021-01-23,7,4,January,Jan,1,1,2021
20210124,2021-01-24,1,5,January,Jan,1,1,2021
20210125,2021-01-25,2,5,January,Jan,1,1,2021
20210126,2021-01-26,3,5,January,Jan,1,1,2021
20210127,2021-01-27,4,5,January,Jan,1,1,2021
20210128,2021-01-28,5,5,January,Jan,1,1,2021
20210129,2021-01-29,6,5,January,Jan,1,1,2021
20210130,2021-01-30,7,5,January,Jan,1,1,2021
20210131,2021-01-31,1,6,January,Jan,1,1,2021
20210201,2021-02-01,2,6,February,Feb,2,1,2021
20210202,2021-02-02,3,6,February,Feb,2,1,2021
20210203,2021-02-03,4,6,February,Feb,2,1,2021
20210204,2021-02-04,5,6,February,Feb,2,1,2021
20210205,2021-02-05,6,6,February,Feb,2,1,2021
20210206,2021-02-06,7,6,February,Feb,2,1,2021
20210207,2021-02-07,1,7,February,Feb,2,1,2021
20210208,2021-02-08,2,7,February,Feb,2,1,2021
20210209,2021-02-09,3,7,February,Feb,2,1,2021
20210210,2021-02-10,4,7,February,Feb,2,1,2021
20210211,2021-02-11,5,7,February,Feb,2,1,2021
20210212,2021-02-12,6,7,February,Feb,2,1,2021
20210213,2021-02-13,7,7,February,Feb,2,1,2021
20210214,2021-02-14,1,8,February,Feb,2,1,2021
20210215,2021-02-15,2,8,February,Feb,2,1,2021
20210216,2021-02-16,3,8,February,Feb,2,1,2021
20210217,2021-02-17,4,8,February,Feb,2,1,2021
20210218,2021-02-18,5,8,February,Feb,2,1,2021
20210219,2021-02-19,6,8,February,Feb,2,1,2021
20210220,2021-02-20,7,8,February,Feb,2,1,2021
20210221,2021-02-21,1,9,February,Feb,2,1,2021
20210222,2021-02-22,2,9,February,Feb,2,1,2021
20210223,2021-02-23,3,9,February,Feb,2,1,2021
20210224,2021-02-24,4,9,February,Feb,2,1,2021
20210225,2021-02-25,5,9,February,Feb,2,1,2021
20210226,2021-02-26,6,9,February,Feb,2,1,2021
20210227,2021-02-27,7,9,February,Feb,2,1,2021
20210228,2021-02-28,1,10,February,Feb,2,1,2021
20210301,2021-03-01,2,10,March,Mar,3,1,2021
20210302,2021-03-02,3,10,March,Mar,3,1,2021
20210303,2021-03-03,4,10,March,Mar,3,1,2021
20210304,2021-03-04,5,10,March,Mar,3,1,2021
20210305,2021-03-05,6,10,March,Mar,3,1,2021
20210306,2021-03-06,7,10,March,Mar,3,1,2021
20210307,2021-03-07,1,11,March,Mar,3,1,2021
20210308,2021-03-08,2,11,March,Mar,3,1,2021
20210309,2021-03-09,3,11,March,Mar,3,1,2021
20210310,2021-03-10,4,11,March,Mar,3,1,2021
20210311,2021-03-11,5,11,March,Mar,3,1,2021
20210312,2021-03-12,6,11,March,Mar,3,1,2021
20210313,2021-03-13,7,11,March,Mar,3,1,2021
20210314,2021-03-14,1,12,March,Mar,3,1,2021
20210315,2021-03-15,2,12,March,Mar,3,1,2021
20210316,2021-03-16,3,12,March,Mar,3,1,2021
20210317,2021-03-17,4,12,March,Mar,3,1,2021
20210318,2021-03-18,5,12,March,Mar,3,1,2021
20210319,2021-03-19,6,12,March,Mar,3,1,2021
20210320,2021-03-20,7,12,March,Mar,3,1,2021
20210321,2021-03-21,1,13,March,Mar,3,1,2021
20210322,2021-03-22,2,13,March,Mar,3,1,2021
20210323,2021-03-23,3,13,March,Mar,3,1,2021
20210324,2021-03-24,4,13,March,Mar,3,1,2021
20210325,2021-03-25,5,13,March,Mar,3,1,2021
20210326,2021-03-26,6,13,March,Mar,3,1,2021
20210327,2021-03-27,7,13,March,Mar,3,1,2021
20210328,2021-03-28,1,14,March,Mar,3,1,2021
20210329,2021-03-29,2,14,March,Mar,3,1,2021
20210330,2021-03-30,3,14,March,Mar,3,1,2021
20210331,2021-03-31,4,14,March,Mar,3,1,2021
20210401,2021-04-01,5,14,April,Apr,4,2,2021
20210402,2021-04-02,6,14,April,Apr,4,2,2021
20210403,2021-04-03,7,14,April,Apr,4,2,2021
20210404,2021-04-04,1,15,April,Apr,4,2,2021
20210405,2021-04-05,2,15,April,Apr,4,2,2021
20210406,2021-04-06,3,15,April,Apr,4,2,2021
20210407,2021-04-07,4,15,April,Apr,4,2,2021
20210408,2021-04-08,5,15,April,Apr,4,2,2021
20210409,2021-04-09,6,15,April,Apr,4,2,2021
20210410,2021-04-10,7,15,April,Apr,4,2,2021
20210411,2021-04-11,1,16,April,Apr,4,2,2021
20210412,2021-04-12,2,16,April,Apr,4,2,2021
20210413,2021-04-13,3,16,April,Apr,4,2,2021
20210414,2021-04-14,4,16,April,Apr,4,2,2021
20210415,2021-04-15,5,16,April,Apr,4,2,2021
20210416,2021-04-16,6,16,April,Apr,4,2,2021
20210417,2021-04-17,7,16,April,Apr,4,2,2021
20210418,2021-04-18,1,17,April,Apr,4,2,2021
20210419,2021-04-19,2,17,April,Apr,4,2,2021
20210420,2021-04-20,3,17,April,Apr,4,2,2021
20210421,2021-04-21,4,17,April,Apr,4,2,2021
20210422,2021-04-22,5,17,April,Apr,4,2,2021
20210423,2021-04-23,6,17,April,Apr,4,2,2021
20210424,2021-04-24,7,17,April,Apr,4,2,2021
20210425,2021-04-25,1,18,April,Apr,4,2,2021
20210426,2021-04-26,2,18,April,Apr,4,2,2021
20210427,2021-04-27,3,18,April,Apr,4,2,2021
20210428,2021-04-28,4,18,April,Apr,4,2,2021
20210429,2021-04-29,5,18,April,Apr,4,2,2021
20210430,2021-04-30,6,18,April,Apr,4,2,2021
20210501,2021-05-01,7,18,May,May,5,2,2021
20210502,2021-05-02,1,19,May,May,5,2,2021
20210503,2021-05-03,2,19,May,May,5,2,2021
20210504,2021-05-04,3,19,May,May,5,2,2021
20210505,2021-05-05,4,19,May,May,5,2,2021
20210506,2021-05-06,5,19,May,May,5,2,2021
20210507,2021-05-07,6,19,May,May,5,2,2021
20210508,2021-05-08,7,19,May,May,5,2,2021
20210509,2021-05-09,1,20,May,May,5,2,2021
20210510,2021-05-10,2,20,May,May,5,2,2021
20210511,2021-05-11,3,20,May,May,5,2,2021
20210512,2021-05-12,4,20,May,May,5,2,2021
20210513,2021-05-13,5,20,May,May,5,2,2021
20210514,2021-05-14,6,20,May,May,5,2,2021
20210515,2021-05-15,7,20,May,May,5,2,2021
20210516,2021-05-16,1,21,May,May,5,2,2021
20210517,2021-05-17,2,21,May,May,5,2,2021
20210518,2021-05-18,3,21,May,May,5,2,2021
20210519,2021-05-19,4,21,May,May,5,2,2021
20210520,2021-05-20,5,21,May,May,5,2,2021
20210521,2021-05-21,6,21,May,May,5,2,2021
20210522,2021-05-22,7,21,May,May,5,2,2021
20210523,2021-05-23,1,22,May,May,5,2,2021
20210524,2021-05-24,2,22,May,May,5,2,2021
20210525,2021-05-25,3,22,May,May,5,2,2021
20210526,2021-05-26,4,22,May,May,5,2,2021
20210527,2021-05-27,5,22,May,May,5,2,2021
20210528,2021-05-28,6,22,May,May,5,2,2021
20210529,2021-05-29,7,22,May,May,5,2,2021
20210530,2021-05-30,1,23,May,May,5,2,2021
20210531,2021-05-31,2,23,May,May,5,2,2021
20210601,2021-06-01,3,23,June,Jun,6,2,2021
20210602,2021-06-02,4,23,June,Jun,6,2,2021
20210603,2021-06-03,5,23,June,Jun,6,2,2021
20210604,2021-06-04,6,23,June,Jun,6,2,2021
20210605,2021-06-05,7,23,June,Jun,6,2,2021
20210606,2021-06-06,1,24,June,Jun,6,2,2021
20210607,2021-06-07,2,24,June,Jun,6,2,2021
20210608,2021-06-08,3,24,June,Jun,6,2,2021
20210609,2021-06-09,4,24,June,Jun,6,2,2021
20210610,2021-06-10,5,24,June,Jun,6,2,2021
20210611,2021-06-11,6,24,June,Jun,6,2,2021
20210612,2021-06-12,7,24,June,Jun,6,2,2021
20210613,2021-06-13,1,25,June,Jun,6,2,2021
20210614,2021-06-14,2,25,June,Jun,6,2,2021
20210615,2021-06-15,3,25,June,Jun,6,2,2021
20210616,2021-06-16,4,25,June,Jun,6,2,2021
20210617,2021-06-17,5,25,June,Jun,6,2,2021
20210618,2021-06-18,6,25,June,Jun,6,2,2021
20210619,2021-06-19,7,25,June,Jun,6,2,2021
20210620,2021-06-20,1,26,June,Jun,6,2,2021
20210621,2021-06-21,2,26,June,Jun,6,2,2021
20210622,2021-06-22,3,26,June,Jun,6,2,2021
20210623,2021-06-23,4,26,June,Jun,6,2,2021
20210624,2021-06-24,5,26,June,Jun,6,2,2021
20210625,2021-06-25,6,26,June,Jun,6,2,2021
20210626,2021-06-26,7,26,June,Jun,6,2,2021
20210627,2021-06-27,1,27,June,Jun,6,2,2021
20210628,2021-06-28,2,27,June,Jun,6,2,2021
20210629,2021-06-29,3,27,June,Jun,6,2,2021
20210630,2021-06-30,4,27,June,Jun,6,2,2021
20210701,2021-07-01,5,27,July,Jul,7,3,2021
20210702,2021-07-02,6,27,July,Jul,7,3,2021
20210703,2021-07-03,7,27,July,Jul,7,3,2021
20210704,2021-07-04,1,28,July,Jul,7,3,2021
20210705,2021-07-05,2,28,July,Jul,7,3,2021
20210706,2021-07-06,3,28,July,Jul,7,3,2021
20210707,2021-07-07,4,28,July,Jul,7,3,2021
20210708,2021-07-08,5,28,July,Jul,7,3,2021
20210709,2021-07-09,6,28,July,Jul,7,3,2021
20210710,2021-07-10,7,28,July,Jul,7,3,2021
20210711,2021-07-11,1,29,July,Jul,7,3,2021
20210712,2021-07-12,2,29,July,Jul,7,3,2021
20210713,2021-07-13,3,29,July,Jul,7,3,2021
20210714,2021-07-14,4,29,July,Jul,7,3,2021
20210715,2021-07-15,5,29,July,Jul,7,3,2021
20210716,2021-07-16,6,29,July,Jul,7,3,2021
20210717,2021-07-17,7,29,July,Jul,7,3,2021
20210718,2021-07-18,1,30,July,Jul,7,3,2021
20210719,2021-07-19,2,30,July,Jul,7,3,2021
20210720,2021-07-20,3,30,July,Jul,7,3,2021
20210721,2021-07-21,4,30,July,Jul,7,3,2021
20210722,2021-07-22,5,30,July,Jul,7,3,2021
20210723,2021-07-23,6,30,July,Jul,7,3,2021
20210724,2021-07-24,7,30,July,Jul,7,3,2021
20210725,2021-07-25,1,31,July,Jul,7,3,2021
20210726,2021-07-26,2,31,July,Jul,7,3,2021
20210727,2021-07-27,3,31,July,Jul,7,3,2021
20210728,2021-07-28,4,31,July,Jul,7,3,2021
20210729,2021-07-29,5,31,July,Jul,7,3,2021
20210730,2021-07-30,6,31,July,Jul,7,3,2021
20210731,2021-07-31,7,31,July,Jul,7,3,2021
20210801,2021-08-01,1,32,August,Aug,8,3,2021
20210802,2021-08-02,2,32,August,Aug,8,3,2021
20210803,2021-08-03,3,32,August,Aug,8,3,2021
20210804,2021-08-04,4,32,August,Aug,8,3,2021
20210805,2021-08-05,5,32,August,Aug,8,3,2021
20210806,2021-08-06,6,32,August,Aug,8,3,2021
20210807,2021-08-07,7,32,August,Aug,8,3,2021
20210808,2021-08-08,1,33,August,Aug,8,3,2021
20210809,2021-08-09,2,33,August,Aug,8,3,2021
20210810,2021-08-10,3,33,August,Aug,8,3,2021
20210811,2021-08-11,4,33,August,Aug,8,3,2021
20210812,2021-08-12,5,33,August,Aug,8,3,2021
20210813,2021-08-13,6,33,August,Aug,8,3,2021
20210814,2021-08-14,7,33,August,Aug,8,3,2021
20210815,2021-08-15,1,34,August,Aug,8,3,2021
20210816,2021-08-16,2,34,August,Aug,8,3,2021
20210817,2021-08-17,3,34,August,Aug,8,3,2021
20210818,2021-08-18,4,34,August,Aug,8,3,2021
20210819,2021-08-19,5,34,August,Aug,8,3,2021
20210820,2021-08-20,6,34,August,Aug,8,3,2021
20210821,2021-08-21,7,34,August,Aug,8,3,2021
20210822,2021-08-22,1,35,August,Aug,8,3,2021
20210823,2021-08-23,2,35,August,Aug,8,3,2021
20210824,2021-08-24,3,35,August,Aug,8,3,2021
20210825,2021-08-25,4,35,August,Aug,8,3,2021
20210826,2021-08-26,5,35,August,Aug,8,3,2021
20210827,2021-08-27,6,35,August,Aug,8,3,2021
20210828,2021-08-28,7,35,August,Aug,8,3,2021
20210829,2021-08-29,1,36,August,Aug,8,3,2021
20210830,2021-08-30,2,36,August,Aug,8,3,2021
20210831,2021-08-31,3,36,August,Aug,8,3,2021
20210901,2021-09-01,4,36,September,Sep,9,3,2021
20210902,2021-09-02,5,36,September,Sep,9,3,2021
20210903,2021-09-03,6,36,September,Sep,9,3,2021
20210904,2021-09-04,7,36,September,Sep,9,3,2021
20210905,2021-09-05,1,37,September,Sep,9,3,2021
20210906,2021-09-06,2,37,September,Sep,9,3,2021
20210907,2021-09-07,3,37,September,Sep,9,3,2021
20210908,2021-09-08,4,37,September,Sep,9,3,2021
20210909,2021-09-09,5,37,September,Sep,9,3,2021
20210910,2021-09-10,6,37,September,Sep,9,3,2021
20210911,2021-09-11,7,37,September,Sep,9,3,2021
20210912,2021-09-12,1,38,September,Sep,9,3,2021
20210913,2021-09-13,2,38,September,Sep,9,3,2021
20210914,2021-09-14,3,38,September,Sep,9,3,2021
20210915,2021-09-15,4,38,September,Sep,9,3,2021
20210916,2021-09-16,5,38,September,Sep,9,3,2021
20210917,2021-09-17,6,38,September,Sep,9,3,2021
20210918,2021-09-18,7,38,September,Sep,9,3,2021
20210919,2021-09-19,1,39,September,Sep,9,3,2021
20210920,2021-09-20,2,39,September,Sep,9,3,2021
20210921,2021-09-21,3,39,September,Sep,9,3,2021
20210922,2021-09-22,4,39,September,Sep,9,3,2021
20210923,2021-09-23,5,39,September,Sep,9,3,2021
20210924,2021-09-24,6,39,September,Sep,9,3,2021
20210925,2021-09-25,7,39,September,Sep,9,3,2021
20210926,2021-09-26,1,40,September,Sep,9,3,2021
20210927,2021-09-27,2,40,September,Sep,9,3,2021
20210928,2021-09-28,3,40,September,Sep,9,3,2021
20210929,2021-09-29,4,40,September,Sep,9,3,2021
20210930,2021-09-30,5,40,September,Sep,9,3,2021
20211001,2021-10-01,6,40,October,Oct,10,4,2021
20211002,2021-10-02,7,40,October,Oct,10,4,2021
20211003,2021-10-03,1,41,October,Oct,10,4,2021
20211004,2021-10-04,2,41,October,Oct,10,4,2021
20211005,2021-10-05,3,41,October,Oct,10,4,2021
20211006,2021-10-06,4,41,October,Oct,10,4,2021
20211007,2021-10-07,5,41,October,Oct,10,4,2021
20211008,2021-10-08,6,41,October,Oct,10,4,2021
20211009,2021-10-09,7,41,October,Oct,10,4,2021
20211010,2021-10-10,1,42,October,Oct,10,4,2021
20211011,2021-10-11,2,42,October,Oct,10,4,2021
20211012,2021-10-12,3,42,October,Oct,10,4,2021
20211013,2021-10-13,4,42,October,Oct,10,4,2021
20211014,2021-10-14,5,42,October,Oct,10,4,2021
20211015,2021-10-15,6,42,October,Oct,10,4,2021
20211016,2021-10-16,7,42,October,Oct,10,4,2021
20211017,2021-10-17,1,43,October,Oct,10,4,2021
20211018,2021-10-18,2,43,October,Oct,10,4,2021
20211019,2021-10-19,3,43,October,Oct,10,4,2021
20211020,2021-10-20,4,43,October,Oct,10,4,2021
20211021,2021-10-21,5,43,October,Oct,10,4,2021
20211022,2021-10-22,6,43,October,Oct,10,4,2021
20211023,2021-10-23,7,43,October,Oct,10,4,2021
20211024,2021-10-24,1,44,October,Oct,10,4,2021
20211025,2021-10-25,2,44,October,Oct,10,4,2021
20211026,2021-10-26,3,44,October,Oct,10,4,2021
20211027,2021-10-27,4,44,October,Oct,10,4,2021
20211028,2021-10-28,5,44,October,Oct,10,4,2021
20211029,2021-10-29,6,44,October,Oct,10,4,2021
20211030,2021-10-30,7,44,October,Oct,10,4,2021
20211031,2021-10-31,1,45,October,Oct,10,4,2021
20211101,2021-11-01,2,45,November,Nov,11,4,2021
20211102,2021-11-02,3,45,November,Nov,11,4,2021
20211103,2021-11-03,4,45,November,Nov,11,4,2021
20211104,2021-11-04,5,45,November,Nov,11,4,2021
20211105,2021-11-05,6,45,November,Nov,11,4,2021
20211106,2021-11-06,7,45,November,Nov,11,4,2021
20211107,2021-11-07,1,46,November,Nov,11,4,2021
20211108,2021-11-08,2,46,November,Nov,11,4,2021
20211109,2021-11-09,3,46,November,Nov,11,4,2021
20211110,2021-11-10,4,46,November,Nov,11,4,2021
20211111,2021-11-11,5,46,November,Nov,11,4,2021
20211112,2021-11-12,6,46,November,Nov,11,4,2021
20211113,2021-11-13,7,46,November,Nov,11,4,2021
20211114,2021-11-14,1,47,November,Nov,11,4,2021
20211115,2021-11-15,2,47,November,Nov,11,4,2021
20211116,2021-11-16,3,47,November,Nov,11,4,2021
20211117,2021-11-17,4,47,November,Nov,11,4,2021
20211118,2021-11-18,5,47,November,Nov,11,4,2021
20211119,2021-11-19,6,47,November,Nov,11,4,2021
20211120,2021-11-20,7,47,November,Nov,11,4,2021
20211121,2021-11-21,1,48,November,Nov,11,4,2021
20211122,2021-11-22,2,48,November,Nov,11,4,2021
20211123,2021-11-23,3,48,November,Nov,11,4,2021
20211124,2021-11-24,4,48,November,Nov,11,4,2021
20211125,2021-11-25,5,48,November,Nov,11,4,2021
20211126,2021-11-26,6,48,November,Nov,11,4,2021
20211127,2021-11-27,7,48,November,Nov,11,4,2021
20211128,2021-11-28,1,49,November,Nov,11,4,2021
20211129,2021-11-29,2,49,November,Nov,11,4,2021
20211130,2021-11-30,3,49,November,Nov,11,4,2021
20211201,2021-12-01,4,49,December,Dec,12,4,2021
20211202,2021-12-02,5,49,December,Dec,12,4,2021
20211203,2021-12-03,6,49,December,Dec,12,4,2021
20211204,2021-12-04,7,49,December,Dec,12,4,2021
20211205,2021-12-05,1,50,December,Dec,12,4,2021
20211206,2021-12-06,2,50,December,Dec,12,4,2021
20211207,2021-12-07,3,50,December,Dec,12,4,2021
20211208,2021-12-08,4,50,December,Dec,12,4,2021
20211209,2021-12-09,5,50,December,Dec,12,4,2021
20211210,2021-12-10,6,50,December,Dec,12,4,2021
20211211,2021-12-11,7,50,December,Dec,12,4,2021
20211212,2021-12-12,1,51,December,Dec,12,4,2021
20211213,2021-12-13,2,51,December,Dec,12,4,2021
20211214,2021-12-14,3,51,December,Dec,12,4,2021
20211215,2021-12-15,4,51,December,Dec,12,4,2021
20211216,2021-12-16,5,51,December,Dec,12,4,2021
20211217,2021-12-17,6,51,December,Dec,12,4,2021
20211218,2021-12-18,7,51,December,Dec,12,4,2021
20211219,2021-12-19,1,52,December,Dec,12,4,2021
20211220,2021-12-20,2,52,December,Dec,12,4,2021
20211221,2021-12-21,3,52,December,Dec,12,4,2021
20211222,2021-12-22,4,52,December,Dec,12,4,2021
20211223,2021-12-23,5,52,December,Dec,12,4,2021
20211224,2021-12-24,6,52,December,Dec,12,4,2021
20211225,2021-12-25,7,52,December,Dec,12,4,2021
20211226,2021-12-26,1,53,December,Dec,12,4,2021
20211227,2021-12-27,2,53,December,Dec,12,4,2021
20211228,2021-12-28,3,53,December,Dec,12,4,2021
20211229,2021-12-29,4,53,December,Dec,12,4,2021
20211230,2021-12-30,5,53,December,Dec,12,4,2021
20211231,2021-12-31,6,53,December,Dec,12,4,2021
20220101,2022-01-01,7,1,January,Jan,1,1,2022
20220102,2022-01-02,1,2,January,Jan,1,1,2022
20220103,2022-01-03,2,2,January,Jan,1,1,2022
20220104,2022-01-04,3,2,January,Jan,1,1,2022
20220105,2022-01-05,4,2,January,Jan,1,1,2022
20220106,2022-01-06,5,2,January,Jan,1,1,2022
20220107,2022-01-07,6,2,January,Jan,1,1,2022
20220108,2022-01-08,7,2,January,Jan,1,1,2022
20220109,2022-01-09,1,3,January,Jan,1,1,2022
20220110,2022-01-10,2,3,January,Jan,1,1,2022
20220111,2022-01-11,3,3,January,Jan,1,1,2022
20220112,2022-01-12,4,3,January,Jan,1,1,2022
20220113,2022-01-13,5,3,January,Jan,1,1,2022
20220114,2022-01-14,6,3,January,Jan,1,1,2022
20220115,2022-01-15,7,3,January,Jan,1,1,2022
20220116,2022-01-16,1,4,January,Jan,1,1,2022
20220117,2022-01-17,2,4,January,Jan,1,1,2022
20220118,2022-01-18,3,4,January,Jan,1,1,2022
20220119,2022-01-19,4,4,January,Jan,1,1,2022
20220120,2022-01-20,5,4,January,Jan,1,1,2022
20220121,2022-01-21,6,4,January,Jan,1,1,2022
20220122,2022-01-22,7,4,January,Jan,1,1,2022
20220123,2022-01-23,1,5,January,Jan,1,1,2022
20220124,2022-01-24,2,5,January,Jan,1,1,2022
20220125,2022-01-25,3,5,January,Jan,1,1,2022
20220126,2022-01-26,4,5,January,Jan,1,1,2022
20220127,2022-01-27,5,5,January,Jan,1,1,2022
20220128,2022-01-28,6,5,January,Jan,1,1,2022
20220129,2022-01-29,7,5,January,Jan,1,1,2022
20220130,2022-01-30,1,6,January,Jan,1,1,2022
20220131,2022-01-31,2,6,January,Jan,1,1,2022
20220201,2022-02-01,3,6,February,Feb,2,1,2022
20220202,2022-02-02,4,6,February,Feb,2,1,2022
20220203,2022-02-03,5,6,February,Feb,2,1,2022
20220204,2022-02-04,6,6,February,Feb,2,1,2022
20220205,2022-02-05,7,6,February,Feb,2,1,2022
20220206,2022-02-06,1,7,February,Feb,2,1,2022
20220207,2022-02-07,2,7,February,Feb,2,1,2022
20220208,2022-02-08,3,7,February,Feb,2,1,2022
20220209,2022-02-09,4,7,February,Feb,2,1,2022
20220210,2022-02-10,5,7,February,Feb,2,1,2022
20220211,2022-02-11,6,7,February,Feb,2,1,2022
20220212,2022-02-12,7,7,February,Feb,2,1,2022
20220213,2022-02-13,1,8,February,Feb,2,1,2022
20220214,2022-02-14,2,8,February,Feb,2,1,2022
20220215,2022-02-15,3,8,February,Feb,2,1,2022
20220216,2022-02-16,4,8,February,Feb,2,1,2022
20220217,2022-02-17,5,8,February,Feb,2,1,2022
20220218,2022-02-18,6,8,February,Feb,2,1,2022
20220219,2022-02-19,7,8,February,Feb,2,1,2022
20220220,2022-02-20,1,9,February,Feb,2,1,2022
20220221,2022-02-21,2,9,February,Feb,2,1,2022
20220222,2022-02-22,3,9,February,Feb,2,1,2022
20220223,2022-02-23,4,9,February,Feb,2,1,2022
20220224,2022-02-24,5,9,February,Feb,2,1,2022
20220225,2022-02-25,6,9,February,Feb,2,1,2022
20220226,2022-02-26,7,9,February,Feb,2,1,2022
20220227,2022-02-27,1,10,February,Feb,2,1,2022
20220228,2022-02-28,2,10,February,Feb,2,1,2022
20220301,2022-03-01,3,10,March,Mar,3,1,2022
20220302,2022-03-02,4,10,March,Mar,3,1,2022
20220303,2022-03-03,5,10,March,Mar,3,1,2022
20220304,2022-03-04,6,10,March,Mar,3,1,2022
20220305,2022-03-05,7,10,March,Mar,3,1,2022
20220306,2022-03-06,1,11,March,Mar,3,1,2022
20220307,2022-03-07,2,11,March,Mar,3,1,2022
20220308,2022-03-08,3,11,March,Mar,3,1,2022
20220309,2022-03-09,4,11,March,Mar,3,1,2022
20220310,2022-03-10,5,11,March,Mar,3,1,2022
20220311,2022-03-11,6,11,March,Mar,3,1,2022
20220312,2022-03-12,7,11,March,Mar,3,1,2022
20220313,2022-03-13,1,12,March,Mar,3,1,2022
20220314,2022-03-14,2,12,March,Mar,3,1,2022
20220315,2022-03-15,3,12,March,Mar,3,1,2022
20220316,2022-03-16,4,12,March,Mar,3,1,2022
20220317,2022-03-17,5,12,March,Mar,3,1,2022
20220318,2022-03-18,6,12,March,Mar,3,1,2022
20220319,2022-03-19,7,12,March,Mar,3,1,2022
20220320,2022-03-20,1,13,March,Mar,3,1,2022
20220321,2022-03-21,2,13,March,Mar,3,1,2022
20220322,2022-03-22,3,13,March,Mar,3,1,2022
20220323,2022-03-23,4,13,March,Mar,3,1,2022
20220324,2022-03-24,5,13,March,Mar,3,1,2022
20220325,2022-03-25,6,13,March,Mar,3,1,2022
20220326,2022-03-26,7,13,March,Mar,3,1,2022
20220327,2022-03-27,1,14,March,Mar,3,1,2022
20220328,2022-03-28,2,14,March,Mar,3,1,2022
20220329,2022-03-29,3,14,March,Mar,3,1,2022
20220330,2022-03-30,4,14,March,Mar,3,1,2022
20220331,2022-03-31,5,14,March,Mar,3,1,2022
20220401,2022-04-01,6,14,April,Apr,4,2,2022
20220402,2022-04-02,7,14,April,Apr,4,2,2022
20220403,2022-04-03,1,15,April,Apr,4,2,2022
20220404,2022-04-04,2,15,April,Apr,4,2,2022
20220405,2022-04-05,3,15,April,Apr,4,2,2022
20220406,2022-04-06,4,15,April,Apr,4,2,2022
20220407,2022-04-07,5,15,April,Apr,4,2,2022
20220408,2022-04-08,6,15,April,Apr,4,2,2022
20220409,2022-04-09,7,15,April,Apr,4,2,2022
20220410,2022-04-10,1,16,April,Apr,4,2,2022
20220411,2022-04-11,2,16,April,Apr,4,2,2022
20220412,2022-04-12,3,16,April,Apr,4,2,2022
20220413,2022-04-13,4,16,April,Apr,4,2,2022
20220414,2022-04-14,5,16,April,Apr,4,2,2022
20220415,2022-04-15,6,16,April,Apr,4,2,2022
20220416,2022-04-16,7,16,April,Apr,4,2,2022
20220417,2022-04-17,1,17,April,Apr,4,2,2022
20220418,2022-04-18,2,17,April,Apr,4,2,2022
20220419,2022-04-19,3,17,April,Apr,4,2,2022
20220420,2022-04-20,4,17,April,Apr,4,2,2022
20220421,2022-04-21,5,17,April,Apr,4,2,2022
20220422,2022-04-22,6,17,April,Apr,4,2,2022
20220423,2022-04-23,7,17,April,Apr,4,2,2022
20220424,2022-04-24,1,18,April,Apr,4,2,2022
20220425,2022-04-25,2,18,April,Apr,4,2,2022
20220426,2022-04-26,3,18,April,Apr,4,2,2022
20220427,2022-04-27,4,18,April,Apr,4,2,2022
20220428,2022-04-28,5,18,April,Apr,4,2,2022
20220429,2022-04-29,6,18,April,Apr,4,2,2022
20220430,2022-04-30,7,18,April,Apr,4,2,2022
20220501,2022-05-01,1,19,May,May,5,2,2022
20220502,2022-05-02,2,19,May,May,5,2,2022
20220503,2022-05-03,3,19,May,May,5,2,2022
20220504,2022-05-04,4,19,May,May,5,2,2022
20220505,2022-05-05,5,19,May,May,5,2,2022
20220506,2022-05-06,6,19,May,May,5,2,2022
20220507,2022-05-07,7,19,May,May,5,2,2022
20220508,2022-05-08,1,20,May,May,5,2,2022
20220509,2022-05-09,2,20,May,May,5,2,2022
20220510,2022-05-10,3,20,May,May,5,2,2022
20220511,2022-05-11,4,20,May,May,5,2,2022
20220512,2022-05-12,5,20,May,May,5,2,2022
20220513,2022-05-13,6,20,May,May,5,2,2022
20220514,2022-05-14,7,20,May,May,5,2,2022
20220515,2022-05-15,1,21,May,May,5,2,2022
20220516,2022-05-16,2,21,May,May,5,2,2022
20220517,2022-05-17,3,21,May,May,5,2,2022
20220518,2022-05-18,4,21,May,May,5,2,2022
20220519,2022-05-19,5,21,May,May,5,2,2022
20220520,2022-05-20,6,21,May,May,5,2,2022
20220521,2022-05-21,7,21,May,May,5,2,2022
20220522,2022-05-22,1,22,May,May,5,2,2022
20220523,2022-05-23,2,22,May,May,5,2,2022
20220524,2022-05-24,3,22,May,May,5,2,2022
20220525,2022-05-25,4,22,May,May,5,2,2022
20220526,2022-05-26,5,22,May,May,5,2,2022
20220527,2022-05-27,6,22,May,May,5,2,2022
20220528,2022-05-28,7,22,May,May,5,2,2022
20220529,2022-05-29,1,23,May,May,5,2,2022
20220530,2022-05-30,2,23,May,May,5,2,2022
20220531,2022-05-31,3,23,May,May,5,2,2022
20220601,2022-06-01,4,23,June,Jun,6,2,2022
20220602,2022-06-02,5,23,June,Jun,6,2,2022
20220603,2022-06-03,6,23,June,Jun,6,2,2022
20220604,2022-06-04,7,23,June,Jun,6,2,2022
20220605,2022-06-05,1,24,June,Jun,6,2,2022
20220606,2022-06-06,2,24,June,Jun,6,2,2022
20220607,2022-06-07,3,24,June,Jun,6,2,2022
20220608,2022-06-08,4,24,June,Jun,6,2,2022
20220609,2022-06-09,5,24,June,Jun,6,2,2022
20220610,2022-06-10,6,24,June,Jun,6,2,2022
20220611,2022-06-11,7,24,June,Jun,6,2,2022
20220612,2022-06-12,1,25,June,Jun,6,2,2022
20220613,2022-06-13,2,25,June,Jun,6,2,2022
20220614,2022-06-14,3,25,June,Jun,6,2,2022
20220615,2022-06-15,4,25,June,Jun,6,2,2022
20220616,2022-06-16,5,25,June,Jun,6,2,2022
20220617,2022-06-17,6,25,June,Jun,6,2,2022
20220618,2022-06-18,7,25,June,Jun,6,2,2022
20220619,2022-06-19,1,26,June,Jun,6,2,2022
20220620,2022-06-20,2,26,June,Jun,6,2,2022
20220621,2022-06-21,3,26,June,Jun,6,2,2022
20220622,2022-06-22,4,26,June,Jun,6,2,2022
20220623,2022-06-23,5,26,June,Jun,6,2,2022
20220624,2022-06-24,6,26,June,Jun,6,2,2022
20220625,2022-06-25,7,26,June,Jun,6,2,2022
20220626,2022-06-26,1,27,June,Jun,6,2,2022
20220627,2022-06-27,2,27,June,Jun,6,2,2022
20220628,2022-06-28,3,27,June,Jun,6,2,2022
20220629,2022-06-29,4,27,June,Jun,6,2,2022
20220630,2022-06-30,5,27,June,Jun,6,2,2022
20220701,2022-07-01,6,27,July,Jul,7,3,2022
20220702,2022-07-02,7,27,July,Jul,7,3,2022
20220703,2022-07-03,1,28,July,Jul,7,3,2022
20220704,2022-07-04,2,28,July,Jul,7,3,2022
20220705,2022-07-05,3,28,July,Jul,7,3,2022
20220706,2022-07-06,4,28,July,Jul,7,3,2022
20220707,2022-07-07,5,28,July,Jul,7,3,2022
20220708,2022-07-08,6,28,July,Jul,7,3,2022
20220709,2022-07-09,7,28,July,Jul,7,3,2022
20220710,2022-07-10,1,29,July,Jul,7,3,2022
20220711,2022-07-11,2,29,July,Jul,7,3,2022
20220712,2022-07-12,3,29,July,Jul,7,3,2022
20220713,2022-07-13,4,29,July,Jul,7,3,2022
20220714,2022-07-14,5,29,July,Jul,7,3,2022
20220715,2022-07-15,6,29,July,Jul,7,3,2022
20220716,2022-07-16,7,29,July,Jul,7,3,2022
20220717,2022-07-17,1,30,July,Jul,7,3,2022
20220718,2022-07-18,2,30,July,Jul,7,3,2022
20220719,2022-07-19,3,30,July,Jul,7,3,2022
20220720,2022-07-20,4,30,July,Jul,7,3,2022
20220721,2022-07-21,5,30,July,Jul,7,3,2022
20220722,2022-07-22,6,30,July,Jul,7,3,2022
20220723,2022-07-23,7,30,July,Jul,7,3,2022
20220724,2022-07-24,1,31,July,Jul,7,3,2022
20220725,2022-07-25,2,31,July,Jul,7,3,2022
20220726,2022-07-26,3,31,July,Jul,7,3,2022
20220727,2022-07-27,4,31,July,Jul,7,3,2022
20220728,2022-07-28,5,31,July,Jul,7,3,2022
20220729,2022-07-29,6,31,July,Jul,7,3,2022
20220730,2022-07-30,7,31,July,Jul,7,3,2022
20220731,2022-07-31,1,32,July,Jul,7,3,2022
20220801,2022-08-01,2,32,August,Aug,8,3,2022
20220802,2022-08-02,3,32,August,Aug,8,3,2022
20220803,2022-08-03,4,32,August,Aug,8,3,2022
20220804,2022-08-04,5,32,August,Aug,8,3,2022
20220805,2022-08-05,6,32,August,Aug,8,3,2022
20220806,2022-08-06,7,32,August,Aug,8,3,2022
20220807,2022-08-07,1,33,August,Aug,8,3,2022
20220808,2022-08-08,2,33,August,Aug,8,3,2022
20220809,2022-08-09,3,33,August,Aug,8,3,2022
20220810,2022-08-10,4,33,August,Aug,8,3,2022
20220811,2022-08-11,5,33,August,Aug,8,3,2022
20220812,2022-08-12,6,33,August,Aug,8,3,2022
20220813,2022-08-13,7,33,August,Aug,8,3,2022
20220814,2022-08-14,1,34,August,Aug,8,3,2022
20220815,2022-08-15,2,34,August,Aug,8,3,2022
20220816,2022-08-16,3,34,August,Aug,8,3,2022
20220817,2022-08-17,4,34,August,Aug,8,3,2022
20220818,2022-08-18,5,34,August,Aug,8,3,2022
20220819,2022-08-19,6,34,August,Aug,8,3,2022
20220820,2022-08-20,7,34,August,Aug,8,3,2022
20220821,2022-08-21,1,35,August,Aug,8,3,2022
20220822,2022-08-22,2,35,August,Aug,8,3,2022
20220823,2022-08-23,3,35,August,Aug,8,3,2022
20220824,2022-08-24,4,35,August,Aug,8,3,2022
20220825,2022-08-25,5,35,August,Aug,8,3,2022
20220826,2022-08-26,6,35,August,Aug,8,3,2022
20220827,2022-08-27,7,35,August,Aug,8,3,2022
20220828,2022-08-28,1,36,August,Aug,8,3,2022
20220829,2022-08-29,2,36,August,Aug,8,3,2022
20220830,2022-08-30,3,36,August,Aug,8,3,2022
20220831,2022-08-31,4,36,August,Aug,8,3,2022
20220901,2022-09-01,5,36,September,Sep,9,3,2022
20220902,2022-09-02,6,36,September,Sep,9,3,2022
20220903,2022-09-03,7,36,September,Sep,9,3,2022
20220904,2022-09-04,1,37,September,Sep,9,3,2022
20220905,2022-09-05,2,37,September,Sep,9,3,2022
20220906,2022-09-06,3,37,September,Sep,9,3,2022
20220907,2022-09-07,4,37,September,Sep,9,3,2022
20220908,2022-09-08,5,37,September,Sep,9,3,2022
20220909,2022-09-09,6,37,September,Sep,9,3,2022
20220910,2022-09-10,7,37,September,Sep,9,3,2022
20220911,2022-09-11,1,38,September,Sep,9,3,2022
20220912,2022-09-12,2,38,September,Sep,9,3,2022
20220913,2022-09-13,3,38,September,Sep,9,3,2022
20220914,2022-09-14,4,38,September,Sep,9,3,2022
20220915,2022-09-15,5,38,September,Sep,9,3,2022
20220916,2022-09-16,6,38,September,Sep,9,3,2022
20220917,2022-09-17,7,38,September,Sep,9,3,2022
20220918,2022-09-18,1,39,September,Sep,9,3,2022
20220919,2022-09-19,2,39,September,Sep,9,3,2022
20220920,2022-09-20,3,39,September,Sep,9,3,2022
20220921,2022-09-21,4,39,September,Sep,9,3,2022
20220922,2022-09-22,5,39,September,Sep,9,3,2022
20220923,2022-09-23,6,39,September,Sep,9,3,2022
20220924,2022-09-24,7,39,September,Sep,9,3,2022
20220925,2022-09-25,1,40,September,Sep,9,3,2022
20220926,2022-09-26,2,40,September,Sep,9,3,2022
20220927,2022-09-27,3,40,September,Sep,9,3,2022
20220928,2022-09-28,4,40,September,Sep,9,3,2022
20220929,2022-09-29,5,40,September,Sep,9,3,2022
20220930,2022-09-30,6,40,September,Sep,9,3,2022
20221001,2022-10-01,7,40,October,Oct,10,4,2022
20221002,2022-10-02,1,41,October,Oct,10,4,2022
20221003,2022-10-03,2,41,October,Oct,10,4,2022
20221004,2022-10-04,3,41,October,Oct,10,4,2022
20221005,2022-10-05,4,41,October,Oct,10,4,2022
20221006,2022-10-06,5,41,October,Oct,10,4,2022
20221007,2022-10-07,6,41,October,Oct,10,4,2022
20221008,2022-10-08,7,41,October,Oct,10,4,2022
20221009,2022-10-09,1,42,October,Oct,10,4,2022
20221010,2022-10-10,2,42,October,Oct,10,4,2022
20221011,2022-10-11,3,42,October,Oct,10,4,2022
20221012,2022-10-12,4,42,October,Oct,10,4,2022
20221013,2022-10-13,5,42,October,Oct,10,4,2022
20221014,2022-10-14,6,42,October,Oct,10,4,2022
20221015,2022-10-15,7,42,October,Oct,10,4,2022
20221016,2022-10-16,1,43,October,Oct,10,4,2022
20221017,2022-10-17,2,43,October,Oct,10,4,2022
20221018,2022-10-18,3,43,October,Oct,10,4,2022
20221019,2022-10-19,4,43,October,Oct,10,4,2022
20221020,2022-10-20,5,43,October,Oct,10,4,2022
20221021,2022-10-21,6,43,October,Oct,10,4,2022
20221022,2022-10-22,7,43,October,Oct,10,4,2022
20221023,2022-10-23,1,44,October,Oct,10,4,2022
20221024,2022-10-24,2,44,October,Oct,10,4,2022
20221025,2022-10-25,3,44,October,Oct,10,4,2022
20221026,2022-10-26,4,44,October,Oct,10,4,2022
20221027,2022-10-27,5,44,October,Oct,10,4,2022
20221028,2022-10-28,6,44,October,Oct,10,4,2022
20221029,2022-10-29,7,44,October,Oct,10,4,2022
20221030,2022-10-30,1,45,October,Oct,10,4,2022
20221031,2022-10-31,2,45,October,Oct,10,4,2022
20221101,2022-11-01,3,45,November,Nov,11,4,2022
20221102,2022-11-02,4,45,November,Nov,11,4,2022
20221103,2022-11-03,5,45,November,Nov,11,4,2022
20221104,2022-11-04,6,45,November,Nov,11,4,2022
20221105,2022-11-05,7,45,November,Nov,11,4,2022
20221106,2022-11-06,1,46,November,Nov,11,4,2022
20221107,2022-11-07,2,46,November,Nov,11,4,2022
20221108,2022-11-08,3,46,November,Nov,11,4,2022
20221109,2022-11-09,4,46,November,Nov,11,4,2022
20221110,2022-11-10,5,46,November,Nov,11,4,2022
20221111,2022-11-11,6,46,November,Nov,11,4,2022
20221112,2022-11-12,7,46,November,Nov,11,4,2022
20221113,2022-11-13,1,47,November,Nov,11,4,2022
20221114,2022-11-14,2,47,November,Nov,11,4,2022
20221115,2022-11-15,3,47,November,Nov,11,4,2022
20221116,2022-11-16,4,47,November,Nov,11,4,2022
20221117,2022-11-17,5,47,November,Nov,11,4,2022
20221118,2022-11-18,6,47,November,Nov,11,4,2022
20221119,2022-11-19,7,47,November,Nov,11,4,2022
20221120,2022-11-20,1,48,November,Nov,11,4,2022
20221121,2022-11-21,2,48,November,Nov,11,4,2022
20221122,2022-11-22,3,48,November,Nov,11,4,2022
20221123,2022-11-23,4,48,November,Nov,11,4,2022
20221124,2022-11-24,5,48,November,Nov,11,4,2022
20221125,2022-11-25,6,48,November,Nov,11,4,2022
20221126,2022-11-26,7,48,November,Nov,11,4,2022
20221127,2022-11-27,1,49,November,Nov,11,4,2022
20221128,2022-11-28,2,49,November,Nov,11,4,2022
20221129,2022-11-29,3,49,November,Nov,11,4,2022
20221130,2022-11-30,4,49,November,Nov,11,4,2022
20221201,2022-12-01,5,49,December,Dec,12,4,2022
20221202,2022-12-02,6,49,December,Dec,12,4,2022
20221203,2022-12-03,7,49,December,Dec,12,4,2022
20221204,2022-12-04,1,50,December,Dec,12,4,2022
20221205,2022-12-05,2,50,December,Dec,12,4,2022
20221206,2022-12-06,3,50,December,Dec,12,4,2022
20221207,2022-12-07,4,50,December,Dec,12,4,2022
20221208,2022-12-08,5,50,December,Dec,12,4,2022
20221209,2022-12-09,6,50,December,Dec,12,4,2022
20221210,2022-12-10,7,50,December,Dec,12,4,2022
20221211,2022-12-11,1,51,December,Dec,12,4,2022
20221212,2022-12-12,2,51,December,Dec,12,4,2022
20221213,2022-12-13,3,51,December,Dec,12,4,2022
20221214,2022-12-14,4,51,December,Dec,12,4,2022
20221215,2022-12-15,5,51,December,Dec,12,4,2022
20221216,2022-12-16,6,51,December,Dec,12,4,2022
20221217,2022-12-17,7,51,December,Dec,12,4,2022
20221218,2022-12-18,1,52,December,Dec,12,4,2022
20221219,2022-12-19,2,52,December,Dec,12,4,2022
20221220,2022-12-20,3,52,December,Dec,12,4,2022
20221221,2022-12-21,4,52,December,Dec,12,4,2022
20221222,2022-12-22,5,52,December,Dec,12,4,2022
20221223,2022-12-23,6,52,December,Dec,12,4,2022
20221224,2022-12-24,7,52,December,Dec,12,4,2022
20221225,2022-12-25,1,53,December,Dec,12,4,2022
20221226,2022-12-26,2,53,December,Dec,12,4,2022
20221227,2022-12-27,3,53,December,Dec,12,4,2022
20221228,2022-12-28,4,53,December,Dec,12,4,2022
20221229,2022-12-29,5,53,December,Dec,12,4,2022
20221230,2022-12-30,6,53,December,Dec,12,4,2022
20221231,2022-12-31,7,53,December,Dec,12,4,2022
20230101,2023-01-01,1,1,January,Jan,1,1,2023
20230102,2023-01-02,2,1,January,Jan,1,1,2023
20230103,2023-01-03,3,1,January,Jan,1,1,2023
20230104,2023-01-04,4,1,January,Jan,1,1,2023
20230105,2023-01-05,5,1,January,Jan,1,1,2023
20230106,2023-01-06,6,1,January,Jan,1,1,2023
20230107,2023-01-07,7,1,January,Jan,1,1,2023
20230108,2023-01-08,1,2,January,Jan,1,1,2023
20230109,2023-01-09,2,2,January,Jan,1,1,2023
20230110,2023-01-10,3,2,January,Jan,1,1,2023
20230111,2023-01-11,4,2,January,Jan,1,1,2023
20230112,2023-01-12,5,2,January,Jan,1,1,2023
20230113,2023-01-13,6,2,January,Jan,1,1,2023
20230114,2023-01-14,7,2,January,Jan,1,1,2023
20230115,2023-01-15,1,3,January,Jan,1,1,2023
20230116,2023-01-16,2,3,January,Jan,1,1,2023
20230117,2023-01-17,3,3,January,Jan,1,1,2023
20230118,2023-01-18,4,3,January,Jan,1,1,2023
20230119,2023-01-19,5,3,January,Jan,1,1,2023
20230120,2023-01-20,6,3,January,Jan,1,1,2023
20230121,2023-01-21,7,3,January,Jan,1,1,2023
20230122,2023-01-22,1,4,January,Jan,1,1,2023
20230123,2023-01-23,2,4,January,Jan,1,1,2023
20230124,2023-01-24,3,4,January,Jan,1,1,2023
20230125,2023-01-25,4,4,January,Jan,1,1,2023
20230126,2023-01-26,5,4,January,Jan,1,1,2023
20230127,2023-01-27,6,4,January,Jan,1,1,2023
20230128,2023-01-28,7,4,January,Jan,1,1,2023
20230129,2023-01-29,1,5,January,Jan,1,1,2023
20230130,2023-01-30,2,5,January,Jan,1,1,2023
20230131,2023-01-31,3,5,January,Jan,1,1,2023
20230201,2023-02-01,4,5,February,Feb,2,1,2023
20230202,2023-02-02,5,5,February,Feb,2,1,2023
20230203,2023-02-03,6,5,February,Feb,2,1,2023
20230204,2023-02-04,7,5,February,Feb,2,1,2023
20230205,2023-02-05,1,6,February,Feb,2,1,2023
20230206,2023-02-06,2,6,February,Feb,2,1,2023
20230207,2023-02-07,3,6,February,Feb,2,1,2023
20230208,2023-02-08,4,6,February,Feb,2,1,2023
20230209,2023-02-09,5,6,February,Feb,2,1,2023
20230210,2023-02-10,6,6,February,Feb,2,1,2023
20230211,2023-02-11,7,6,February,Feb,2,1,2023
20230212,2023-02-12,1,7,February,Feb,2,1,2023
20230213,2023-02-13,2,7,February,Feb,2,1,2023
20230214,2023-02-14,3,7,February,Feb,2,1,2023
20230215,2023-02-15,4,7,February,Feb,2,1,2023
20230216,2023-02-16,5,7,February,Feb,2,1,2023
20230217,2023-02-17,6,7,February,Feb,2,1,2023
20230218,2023-02-18,7,7,February,Feb,2,1,2023
20230219,2023-02-19,1,8,February,Feb,2,1,2023
20230220,2023-02-20,2,8,February,Feb,2,1,2023
20230221,2023-02-21,3,8,February,Feb,2,1,2023
20230222,2023-02-22,4,8,February,Feb,2,1,2023
20230223,2023-02-23,5,8,February,Feb,2,1,2023
20230224,2023-02-24,6,8,February,Feb,2,1,2023
20230225,2023-02-25,7,8,February,Feb,2,1,2023
20230226,2023-02-26,1,9,February,Feb,2,1,2023
20230227,2023-02-27,2,9,February,Feb,2,1,2023
20230228,2023-02-28,3,9,February,Feb,2,1,2023
20230301,2023-03-01,4,9,March,Mar,3,1,2023
20230302,2023-03-02,5,9,March,Mar,3,1,2023
20230303,2023-03-03,6,9,March,Mar,3,1,2023
20230304,2023-03-04,7,9,March,Mar,3,1,2023
20230305,2023-03-05,1,10,March,Mar,3,1,2023
20230306,2023-03-06,2,10,March,Mar,3,1,2023
20230307,2023-03-07,3,10,March,Mar,3,1,2023
20230308,2023-03-08,4,10,March,Mar,3,1,2023
20230309,2023-03-09,5,10,March,Mar,3,1,2023
20230310,2023-03-10,6,10,March,Mar,3,1,2023
20230311,2023-03-11,7,10,March,Mar,3,1,2023
20230312,2023-03-12,1,11,March,Mar,3,1,2023
20230313,2023-03-13,2,11,March,Mar,3,1,2023
20230314,2023-03-14,3,11,March,Mar,3,1,2023
20230315,2023-03-15,4,11,March,Mar,3,1,2023
20230316,2023-03-16,5,11,March,Mar,3,1,2023
20230317,2023-03-17,6,11,March,Mar,3,1,2023
20230318,2023-03-18,7,11,March,Mar,3,1,2023
20230319,2023-03-19,1,12,March,Mar,3,1,2023
20230320,2023-03-20,2,12,March,Mar,3,1,2023
20230321,2023-03-21,3,12,March,Mar,3,1,2023
20230322,2023-03-22,4,12,March,Mar,3,1,2023
20230323,2023-03-23,5,12,March,Mar,3,1,2023
20230324,2023-03-24,6,12,March,Mar,3,1,2023
20230325,2023-03-25,7,12,March,Mar,3,1,2023
20230326,2023-03-26,1,13,March,Mar,3,1,2023
20230327,2023-03-27,2,13,March,Mar,3,1,2023
20230328,2023-03-28,3,13,March,Mar,3,1,2023
20230329,2023-03-29,4,13,March,Mar,3,1,2023
20230330,2023-03-30,5,13,March,Mar,3,1,2023
20230331,2023-03-31,6,13,March,Mar,3,1,2023
20230401,2023-04-01,7,13,April,Apr,4,2,2023
20230402,2023-04-02,1,14,April,Apr,4,2,2023
20230403,2023-04-03,2,14,April,Apr,4,2,2023
20230404,2023-04-04,3,14,April,Apr,4,2,2023
20230405,2023-04-05,4,14,April,Apr,4,2,2023
20230406,2023-04-06,5,14,April,Apr,4,2,2023
20230407,2023-04-07,6,14,April,Apr,4,2,2023
20230408,2023-04-08,7,14,April,Apr,4,2,2023
20230409,2023-04-09,1,15,April,Apr,4,2,2023
20230410,2023-04-10,2,15,April,Apr,4,2,2023
20230411,2023-04-11,3,15,April,Apr,4,2,2023
20230412,2023-04-12,4,15,April,Apr,4,2,2023
20230413,2023-04-13,5,15,April,Apr,4,2,2023
20230414,2023-04-14,6,15,April,Apr,4,2,2023
20230415,2023-04-15,7,15,April,Apr,4,2,2023
20230416,2023-04-16,1,16,April,Apr,4,2,2023
20230417,2023-04-17,2,16,April,Apr,4,2,2023
20230418,2023-04-18,3,16,April,Apr,4,2,2023
20230419,2023-04-19,4,16,April,Apr,4,2,2023
20230420,2023-04-20,5,16,April,Apr,4,2,2023
20230421,2023-04-21,6,16,April,Apr,4,2,2023
20230422,2023-04-22,7,16,April,Apr,4,2,2023
20230423,2023-04-23,1,17,April,Apr,4,2,2023
20230424,2023-04-24,2,17,April,Apr,4,2,2023
20230425,2023-04-25,3,17,April,Apr,4,2,2023
20230426,2023-04-26,4,17,April,Apr,4,2,2023
20230427,2023-04-27,5,17,April,Apr,4,2,2023
20230428,2023-04-28,6,17,April,Apr,4,2,2023
20230429,2023-04-29,7,17,April,Apr,4,2,2023
20230430,2023-04-30,1,18,April,Apr,4,2,2023
20230501,2023-05-01,2,18,May,May,5,2,2023
20230502,2023-05-02,3,18,May,May,5,2,2023
20230503,2023-05-03,4,18,May,May,5,2,2023
20230504,2023-05-04,5,18,May,May,5,2,2023
20230505,2023-05-05,6,18,May,May,5,2,2023
20230506,2023-05-06,7,18,May,May,5,2,2023
20230507,2023-05-07,1,19,May,May,5,2,2023
20230508,2023-05-08,2,19,May,May,5,2,2023
20230509,2023-05-09,3,19,May,May,5,2,2023
20230510,2023-05-10,4,19,May,May,5,2,2023
20230511,2023-05-11,5,19,May,May,5,2,2023
20230512,2023-05-12,6,19,May,May,5,2,2023
20230513,2023-05-13,7,19,May,May,5,2,2023
20230514,2023-05-14,1,20,May,May,5,2,2023
20230515,2023-05-15,2,20,May,May,5,2,2023
20230516,2023-05-16,3,20,May,May,5,2,2023
20230517,2023-05-17,4,20,May,May,5,2,2023
20230518,2023-05-18,5,20,May,May,5,2,2023
20230519,2023-05-19,6,20,May,May,5,2,2023
20230520,2023-05-20,7,20,May,May,5,2,2023
20230521,2023-05-21,1,21,May,May,5,2,2023
20230522,2023-05-22,2,21,May,May,5,2,2023
20230523,2023-05-23,3,21,May,May,5,2,2023
20230524,2023-05-24,4,21,May,May,5,2,2023
20230525,2023-05-25,5,21,May,May,5,2,2023
20230526,2023-05-26,6,21,May,May,5,2,2023
20230527,2023-05-27,7,21,May,May,5,2,2023
20230528,2023-05-28,1,22,May,May,5,2,2023
20230529,2023-05-29,2,22,May,May,5,2,2023
20230530,2023-05-30,3,22,May,May,5,2,2023
20230531,2023-05-31,4,22,May,May,5,2,2023
20230601,2023-06-01,5,22,June,Jun,6,2,2023
20230602,2023-06-02,6,22,June,Jun,6,2,2023
20230603,2023-06-03,7,22,June,Jun,6,2,2023
20230604,2023-06-04,1,23,June,Jun,6,2,2023
20230605,2023-06-05,2,23,June,Jun,6,2,2023
20230606,2023-06-06,3,23,June,Jun,6,2,2023
20230607,2023-06-07,4,23,June,Jun,6,2,2023
20230608,2023-06-08,5,23,June,Jun,6,2,2023
20230609,2023-06-09,6,23,June,Jun,6,2,2023
20230610,2023-06-10,7,23,June,Jun,6,2,2023
20230611,2023-06-11,1,24,June,Jun,6,2,2023
20230612,2023-06-12,2,24,June,Jun,6,2,2023
20230613,2023-06-13,3,24,June,Jun,6,2,2023
20230614,2023-06-14,4,24,June,Jun,6,2,2023
20230615,2023-06-15,5,24,June,Jun,6,2,2023
20230616,2023-06-16,6,24,June,Jun,6,2,2023
20230617,2023-06-17,7,24,June,Jun,6,2,2023
20230618,2023-06-18,1,25,June,Jun,6,2,2023
20230619,2023-06-19,2,25,June,Jun,6,2,2023
20230620,2023-06-20,3,25,June,Jun,6,2,2023
20230621,2023-06-21,4,25,June,Jun,6,2,2023
20230622,2023-06-22,5,25,June,Jun,6,2,2023
20230623,2023-06-23,6,25,June,Jun,6,2,2023
20230624,2023-06-24,7,25,June,Jun,6,2,2023
20230625,2023-06-25,1,26,June,Jun,6,2,2023
20230626,2023-06-26,2,26,June,Jun,6,2,2023
20230627,2023-06-27,3,26,June,Jun,6,2,2023
20230628,2023-06-28,4,26,June,Jun,6,2,2023
20230629,2023-06-29,5,26,June,Jun,6,2,2023
20230630,2023-06-30,6,26,June,Jun,6,2,2023
20230701,2023-07-01,7,26,July,Jul,7,3,2023
20230702,2023-07-02,1,27,July,Jul,7,3,2023
20230703,2023-07-03,2,27,July,Jul,7,3,2023
20230704,2023-07-04,3,27,July,Jul,7,3,2023
20230705,2023-07-05,4,27,July,Jul,7,3,2023
20230706,2023-07-06,5,27,July,Jul,7,3,2023
20230707,2023-07-07,6,27,July,Jul,7,3,2023
20230708,2023-07-08,7,27,July,Jul,7,3,2023
20230709,2023-07-09,1,28,July,Jul,7,3,2023
20230710,2023-07-10,2,28,July,Jul,7,3,2023
20230711,2023-07-11,3,28,July,Jul,7,3,2023
20230712,2023-07-12,4,28,July,Jul,7,3,2023
20230713,2023-07-13,5,28,July,Jul,7,3,2023
20230714,2023-07-14,6,28,July,Jul,7,3,2023
20230715,2023-07-15,7,28,July,Jul,7,3,2023
20230716,2023-07-16,1,29,July,Jul,7,3,2023
20230717,2023-07-17,2,29,July,Jul,7,3,2023
20230718,2023-07-18,3,29,July,Jul,7,3,2023
20230719,2023-07-19,4,29,July,Jul,7,3,2023
20230720,2023-07-20,5,29,July,Jul,7,3,2023
20230721,2023-07-21,6,29,July,Jul,7,3,2023
20230722,2023-07-22,7,29,July,Jul,7,3,2023
20230723,2023-07-23,1,30,July,Jul,7,3,2023
20230724,2023-07-24,2,30,July,Jul,7,3,2023
20230725,2023-07-25,3,30,July,Jul,7,3,2023
20230726,2023-07-26,4,30,July,Jul,7,3,2023
20230727,2023-07-27,5,30,July,Jul,7,3,2023
20230728,2023-07-28,6,30,July,Jul,7,3,2023
20230729,2023-07-29,7,30,July,Jul,7,3,2023
20230730,2023-07-30,1,31,July,Jul,7,3,2023
20230731,2023-07-31,2,31,July,Jul,7,3,2023
20230801,2023-08-01,3,31,August,Aug,8,3,2023
20230802,2023-08-02,4,31,August,Aug,8,3,2023
20230803,2023-08-03,5,31,August,Aug,8,3,2023
20230804,2023-08-04,6,31,August,Aug,8,3,2023
20230805,2023-08-05,7,31,August,Aug,8,3,2023
20230806,2023-08-06,1,32,August,Aug,8,3,2023
20230807,2023-08-07,2,32,August,Aug,8,3,2023
20230808,2023-08-08,3,32,August,Aug,8,3,2023
20230809,2023-08-09,4,32,August,Aug,8,3,2023
20230810,2023-08-10,5,32,August,Aug,8,3,2023
20230811,2023-08-11,6,32,August,Aug,8,3,2023
20230812,2023-08-12,7,32,August,Aug,8,3,2023
20230813,2023-08-13,1,33,August,Aug,8,3,2023
20230814,2023-08-14,2,33,August,Aug,8,3,2023
20230815,2023-08-15,3,33,August,Aug,8,3,2023
20230816,2023-08-16,4,33,August,Aug,8,3,2023
20230817,2023-08-17,5,33,August,Aug,8,3,2023
20230818,2023-08-18,6,33,August,Aug,8,3,2023
20230819,2023-08-19,7,33,August,Aug,8,3,2023
20230820,2023-08-20,1,34,August,Aug,8,3,2023
20230821,2023-08-21,2,34,August,Aug,8,3,2023
20230822,2023-08-22,3,34,August,Aug,8,3,2023
20230823,2023-08-23,4,34,August,Aug,8,3,2023
20230824,2023-08-24,5,34,August,Aug,8,3,2023
20230825,2023-08-25,6,34,August,Aug,8,3,2023
20230826,2023-08-26,7,34,August,Aug,8,3,2023
20230827,2023-08-27,1,35,August,Aug,8,3,2023
20230828,2023-08-28,2,35,August,Aug,8,3,2023
20230829,2023-08-29,3,35,August,Aug,8,3,2023
20230830,2023-08-30,4,35,August,Aug,8,3,2023
20230831,2023-08-31,5,35,August,Aug,8,3,2023
20230901,2023-09-01,6,35,September,Sep,9,3,2023
20230902,2023-09-02,7,35,September,Sep,9,3,2023
20230903,2023-09-03,1,36,September,Sep,9,3,2023
20230904,2023-09-04,2,36,September,Sep,9,3,2023
20230905,2023-09-05,3,36,September,Sep,9,3,2023
20230906,2023-09-06,4,36,September,Sep,9,3,2023
20230907,2023-09-07,5,36,September,Sep,9,3,2023
20230908,2023-09-08,6,36,September,Sep,9,3,2023
20230909,2023-09-09,7,36,September,Sep,9,3,2023
20230910,2023-09-10,1,37,September,Sep,9,3,2023
20230911,2023-09-11,2,37,September,Sep,9,3,2023
20230912,2023-09-12,3,37,September,Sep,9,3,2023
20230913,2023-09-13,4,37,September,Sep,9,3,2023
20230914,2023-09-14,5,37,September,Sep,9,3,2023
20230915,2023-09-15,6,37,September,Sep,9,3,2023
20230916,2023-09-16,7,37,September,Sep,9,3,2023
20230917,2023-09-17,1,38,September,Sep,9,3,2023
20230918,2023-09-18,2,38,September,Sep,9,3,2023
20230919,2023-09-19,3,38,September,Sep,9,3,2023
20230920,2023-09-20,4,38,September,Sep,9,3,2023
20230921,2023-09-21,5,38,September,Sep,9,3,2023
20230922,2023-09-22,6,38,September,Sep,9,3,2023
20230923,2023-09-23,7,38,September,Sep,9,3,2023
20230924,2023-09-24,1,39,September,Sep,9,3,2023
20230925,2023-09-25,2,39,September,Sep,9,3,2023
20230926,2023-09-26,3,39,September,Sep,9,3,2023
20230927,2023-09-27,4,39,September,Sep,9,3,2023
20230928,2023-09-28,5,39,September,Sep,9,3,2023
20230929,2023-09-29,6,39,September,Sep,9,3,2023
20230930,2023-09-30,7,39,September,Sep,9,3,2023
20231001,2023-10-01,1,40,October,Oct,10,4,2023
20231002,2023-10-02,2,40,October,Oct,10,4,2023
20231003,2023-10-03,3,40,October,Oct,10,4,2023
20231004,2023-10-04,4,40,October,Oct,10,4,2023
20231005,2023-10-05,5,40,October,Oct,10,4,2023
20231006,2023-10-06,6,40,October,Oct,10,4,2023
20231007,2023-10-07,7,40,October,Oct,10,4,2023
20231008,2023-10-08,1,41,October,Oct,10,4,2023
20231009,2023-10-09,2,41,October,Oct,10,4,2023
20231010,2023-10-10,3,41,October,Oct,10,4,2023
20231011,2023-10-11,4,41,October,Oct,10,4,2023
20231012,2023-10-12,5,41,October,Oct,10,4,2023
20231013,2023-10-13,6,41,October,Oct,10,4,2023
20231014,2023-10-14,7,41,October,Oct,10,4,2023
20231015,2023-10-15,1,42,October,Oct,10,4,2023
20231016,2023-10-16,2,42,October,Oct,10,4,2023
20231017,2023-10-17,3,42,October,Oct,10,4,2023
20231018,2023-10-18,4,42,October,Oct,10,4,2023
20231019,2023-10-19,5,42,October,Oct,10,4,2023
20231020,2023-10-20,6,42,October,Oct,10,4,2023
20231021,2023-10-21,7,42,October,Oct,10,4,2023
20231022,2023-10-22,1,43,October,Oct,10,4,2023
20231023,2023-10-23,2,43,October,Oct,10,4,2023
20231024,2023-10-24,3,43,October,Oct,10,4,2023
20231025,2023-10-25,4,43,October,Oct,10,4,2023
20231026,2023-10-26,5,43,October,Oct,10,4,2023
20231027,2023-10-27,6,43,October,Oct,10,4,2023
20231028,2023-10-28,7,43,October,Oct,10,4,2023
20231029,2023-10-29,1,44,October,Oct,10,4,2023
20231030,2023-10-30,2,44,October,Oct,10,4,2023
20231031,2023-10-31,3,44,October,Oct,10,4,2023
20231101,2023-11-01,4,44,November,Nov,11,4,2023
20231102,2023-11-02,5,44,November,Nov,11,4,2023
20231103,2023-11-03,6,44,November,Nov,11,4,2023
20231104,2023-11-04,7,44,November,Nov,11,4,2023
20231105,2023-11-05,1,45,November,Nov,11,4,2023
20231106,2023-11-06,2,45,November,Nov,11,4,2023
20231107,2023-11-07,3,45,November,Nov,11,4,2023
20231108,2023-11-08,4,45,November,Nov,11,4,2023
20231109,2023-11-09,5,45,November,Nov,11,4,2023
20231110,2023-11-10,6,45,November,Nov,11,4,2023
20231111,2023-11-11,7,45,November,Nov,11,4,2023
20231112,2023-11-12,1,46,November,Nov,11,4,2023
20231113,2023-11-13,2,46,November,Nov,11,4,2023
20231114,2023-11-14,3,46,November,Nov,11,4,2023
20231115,2023-11-15,4,46,November,Nov,11,4,2023
20231116,2023-11-16,5,46,November,Nov,11,4,2023
20231117,2023-11-17,6,46,November,Nov,11,4,2023
20231118,2023-11-18,7,46,November,Nov,11,4,2023
20231119,2023-11-19,1,47,November,Nov,11,4,2023
20231120,2023-11-20,2,47,November,Nov,11,4,2023
20231121,2023-11-21,3,47,November,Nov,11,4,2023
20231122,2023-11-22,4,47,November,Nov,11,4,2023
20231123,2023-11-23,5,47,November,Nov,11,4,2023
20231124,2023-11-24,6,47,November,Nov,11,4,2023
20231125,2023-11-25,7,47,November,Nov,11,4,2023
20231126,2023-11-26,1,48,November,Nov,11,4,2023
20231127,2023-11-27,2,48,November,Nov,11,4,2023
20231128,2023-11-28,3,48,November,Nov,11,4,2023
20231129,2023-11-29,4,48,November,Nov,11,4,2023
20231130,2023-11-30,5,48,November,Nov,11,4,2023
20231201,2023-12-01,6,48,December,Dec,12,4,2023
20231202,2023-12-02,7,48,December,Dec,12,4,2023
20231203,2023-12-03,1,49,December,Dec,12,4,2023
20231204,2023-12-04,2,49,December,Dec,12,4,2023
20231205,2023-12-05,3,49,December,Dec,12,4,2023
20231206,2023-12-06,4,49,December,Dec,12,4,2023
20231207,2023-12-07,5,49,December,Dec,12,4,2023
20231208,2023-12-08,6,49,December,Dec,12,4,2023
20231209,2023-12-09,7,49,December,Dec,12,4,2023
20231210,2023-12-10,1,50,December,Dec,12,4,2023
20231211,2023-12-11,2,50,December,Dec,12,4,2023
20231212,2023-12-12,3,50,December,Dec,12,4,2023
20231213,2023-12-13,4,50,December,Dec,12,4,2023
20231214,2023-12-14,5,50,December,Dec,12,4,2023
20231215,2023-12-15,6,50,December,Dec,12,4,2023
20231216,2023-12-16,7,50,December,Dec,12,4,2023
20231217,2023-12-17,1,51,December,Dec,12,4,2023
20231218,2023-12-18,2,51,December,Dec,12,4,2023
20231219,2023-12-19,3,51,December,Dec,12,4,2023
20231220,2023-12-20,4,51,December,Dec,12,4,2023
20231221,2023-12-21,5,51,December,Dec,12,4,2023
20231222,2023-12-22,6,51,December,Dec,12,4,2023
20231223,2023-12-23,7,51,December,Dec,12,4,2023
20231224,2023-12-24,1,52,December,Dec,12,4,2023
20231225,2023-12-25,2,52,December,Dec,12,4,2023
20231226,2023-12-26,3,52,December,Dec,12,4,2023
20231227,2023-12-27,4,52,December,Dec,12,4,2023
20231228,2023-12-28,5,52,December,Dec,12,4,2023
20231229,2023-12-29,6,52,December,Dec,12,4,2023
20231230,2023-12-30,7,52,December,Dec,12,4,2023
20231231,2023-12-31,1,53,December,Dec,12,4,2023
